TYPE,INDICATOR,CREATED
cve,CVE-2018-15922,2024-07-10 13:18:11.113606
cve,CVE-2017-11882,2024-07-10 13:18:11.004863
cve,CVE-2018-20250,2024-07-10 13:18:10.893557
cve,CVE-2017-11774,2024-07-10 13:18:10.782359
hash,27eb42279a3b74ee6cbd0f150035a45a7ae0e7b94b02483379ddf4932d3feaa6,2021-05-31 00:59:55
hash,b8e246f58d9094e7f4545bd608f143956de3b27960a1496e3753cdd6676c681b,2021-05-31 00:59:54
hash,88c947d0d0fddd1ea87f5b85982cf231c9c56e4f5e25fac405f608a1c28d8391,2021-05-31 00:00:20
hash,8847a73bbd9477be60685ce8ec8333db933892f4d7b729fcef01ac76600de9ff,2021-05-31 00:00:19
hash,f3b0ad96c8529399bd7117bd67cdf0297191476d3a81a60b147960306ae5f068,2021-05-31 00:00:17
hash,9e98ecf93ca86751dbdb7049f6d24e9b,2020-09-19 23:04:59
hash,fc105956b5b2d33411b2c0e362abb6b3,2020-09-19 23:04:59
hash,b15196f34a69e6579532c69fefad7ac6,2020-09-19 23:04:59
hash,e998fa518523ccc092c4167718b069cb,2020-09-19 23:04:59
hash,e169c4d3430c8342d809055dc5f3373e,2020-09-19 23:04:59
hash,3f3f39bacfe115df5b55c9ab06b93aeb,2020-09-19 23:04:59
hash,53b98f18d8f6bef74063e7b3e6d724c4195844f1,2020-09-19 23:04:59
hash,54c166c313c684eaa54c0c861cc34987,2020-09-19 23:04:59
hash,d661d2dd1c28efd4b4f7c9c70f763354,2020-09-19 23:04:59
hash,dbc67d46cb7b6aa7406c979b248421c4,2020-09-19 23:04:59
hash,a1481b251328b50d268b815debd614f539039e6e7012c90b66daee717712d524,2020-09-19 23:04:59
hash,0c23f62ba98ebfa2c062c485e5704f193909e421,2020-09-19 23:04:59
hostname,saveingone.com,2020-09-19 23:04:59
hash,f845276dfd9d5753f659dab8c12a38eba1f71fdc16b6faae1316622dc9cab455,2020-09-19 23:04:59
hash,f3d2c6084f09433a87f248726de288e0,2020-09-19 23:04:59
hash,ce456b20f6cb4d5d74f00d976e2e7a91,2020-09-19 23:04:59
hash,d363ecffbe6a0a62546051fc383399f4,2020-09-19 23:04:59
hash,66cb23c223ec4d78d683292d1b928fbf,2020-09-19 23:04:59
hash,46506fa669ec116da3d967c36eab7ba7,2020-09-19 23:04:59
hash,fcc61b3a0277c47748a185dccccad5d8,2020-09-19 23:04:59
hash,4d8e2fdb16877f693d8e90410f90a164,2020-09-19 23:04:59
hash,7219fed5ed9571bf2c025c7ed435893d7d4f7597,2020-09-19 23:04:59
hash,8f848b67af0d6ad3dd3419c9d11c28c1,2020-09-19 23:04:59
hash,486aa8849c173450911f886116f4b5d6,2020-09-19 23:04:59
ip,91.210.107.120,2020-09-19 23:04:59
hostname,tleanalyser.com,2020-09-19 23:04:59
hostname,idc-team.net,2020-09-19 23:04:59
hash,3153abb3ee1acea396b0f7b77c0162c9,2020-09-19 23:04:59
hash,d6ac1d0599bd4972263f0db15815f753dff1644095ba862897eaf50dec9a1f1c,2020-09-19 23:04:59
hash,6269e8ae9d86c648c15e41c7d89509ab,2020-09-19 23:04:59
hash,91e1793bd5f3f274ddb22b47662cb860,2020-09-19 23:04:59
hash,0d6d385354584264e2b37ff3a199ea04,2020-09-19 23:04:59
hash,de8986682ab25d98448e688506250b94,2020-09-19 23:04:59
ip,185.165.116.47,2020-09-19 23:04:59
hash,426351383dfe8f88a0959a9d5e8c43c7,2020-09-19 23:04:59
hash,50ded657ff5a1c80d736fe3b80beb87f,2020-09-19 23:04:59
hash,9f7c280b20d021f0a0984d1ad0aeba41,2020-09-19 23:04:59
hash,59c2c1c6451417f054efaee32416c652,2020-09-19 23:04:59
hash,eee655c5522267d63314a0b20162d619,2020-09-19 23:04:59
hash,43124f6d418b086f3107a8cb708c3d2b,2020-09-19 23:04:59
hash,2f01092e9cd49448b0de7da48e545682,2020-09-19 23:04:59
hash,45045fa9d428f29e8a3a988048e3aff1,2020-09-19 23:04:59
hash,8f848b67af0d6ad3dd3419c9d11c28c1,2020-09-18 07:25:58
ip,91.210.107.120,2020-09-18 07:25:58
hostname,tleanalyser.com,2020-09-18 07:25:58
hostname,idc-team.net,2020-09-18 07:25:58
hash,0c23f62ba98ebfa2c062c485e5704f193909e421,2020-09-18 07:25:58
hash,a1481b251328b50d268b815debd614f539039e6e7012c90b66daee717712d524,2020-09-18 07:25:58
hash,dbc67d46cb7b6aa7406c979b248421c4,2020-09-18 07:25:58
ip,185.165.116.47,2020-09-18 07:25:58
hash,7219fed5ed9571bf2c025c7ed435893d7d4f7597,2020-09-18 07:25:58
hash,4d8e2fdb16877f693d8e90410f90a164,2020-09-18 07:25:58
hash,fcc61b3a0277c47748a185dccccad5d8,2020-09-18 07:25:58
hash,46506fa669ec116da3d967c36eab7ba7,2020-09-18 07:25:58
hash,66cb23c223ec4d78d683292d1b928fbf,2020-09-18 07:25:58
hash,d363ecffbe6a0a62546051fc383399f4,2020-09-18 07:25:58
hash,ce456b20f6cb4d5d74f00d976e2e7a91,2020-09-18 07:25:58
hash,f3d2c6084f09433a87f248726de288e0,2020-09-18 07:25:58
hash,f845276dfd9d5753f659dab8c12a38eba1f71fdc16b6faae1316622dc9cab455,2020-09-18 07:25:58
hostname,saveingone.com,2020-09-18 07:25:58
hash,d661d2dd1c28efd4b4f7c9c70f763354,2020-09-18 07:25:58
hash,54c166c313c684eaa54c0c861cc34987,2020-09-18 07:25:58
hash,53b98f18d8f6bef74063e7b3e6d724c4195844f1,2020-09-18 07:25:58
hash,3f3f39bacfe115df5b55c9ab06b93aeb,2020-09-18 07:25:58
hash,e169c4d3430c8342d809055dc5f3373e,2020-09-18 07:25:58
hash,e998fa518523ccc092c4167718b069cb,2020-09-18 07:25:58
hash,b15196f34a69e6579532c69fefad7ac6,2020-09-18 07:25:58
hash,fc105956b5b2d33411b2c0e362abb6b3,2020-09-18 07:25:58
hash,9e98ecf93ca86751dbdb7049f6d24e9b,2020-09-18 07:25:58
hash,3153abb3ee1acea396b0f7b77c0162c9,2020-09-18 07:25:58
hash,d6ac1d0599bd4972263f0db15815f753dff1644095ba862897eaf50dec9a1f1c,2020-09-18 07:25:58
hash,6269e8ae9d86c648c15e41c7d89509ab,2020-09-18 07:25:58
hash,91e1793bd5f3f274ddb22b47662cb860,2020-09-18 07:25:58
hash,0d6d385354584264e2b37ff3a199ea04,2020-09-18 07:25:58
hash,de8986682ab25d98448e688506250b94,2020-09-18 07:25:58
hash,486aa8849c173450911f886116f4b5d6,2020-09-18 07:25:58
hash,45045fa9d428f29e8a3a988048e3aff1,2020-09-18 07:25:58
hash,2f01092e9cd49448b0de7da48e545682,2020-09-18 07:25:58
hash,43124f6d418b086f3107a8cb708c3d2b,2020-09-18 07:25:58
hash,eee655c5522267d63314a0b20162d619,2020-09-18 07:25:58
hash,59c2c1c6451417f054efaee32416c652,2020-09-18 07:25:58
hash,9f7c280b20d021f0a0984d1ad0aeba41,2020-09-18 07:25:58
hash,50ded657ff5a1c80d736fe3b80beb87f,2020-09-18 07:25:58
hash,426351383dfe8f88a0959a9d5e8c43c7,2020-09-18 07:25:58
ip,91.210.107.120,2020-09-17 18:53:27
hash,45045fa9d428f29e8a3a988048e3aff1,2020-09-17 18:53:27
hash,486aa8849c173450911f886116f4b5d6,2020-09-17 18:53:27
hash,de8986682ab25d98448e688506250b94,2020-09-17 18:53:27
hash,0d6d385354584264e2b37ff3a199ea04,2020-09-17 18:53:27
hash,91e1793bd5f3f274ddb22b47662cb860,2020-09-17 18:53:27
hash,6269e8ae9d86c648c15e41c7d89509ab,2020-09-17 18:53:27
hash,d6ac1d0599bd4972263f0db15815f753dff1644095ba862897eaf50dec9a1f1c,2020-09-17 18:53:27
hash,3153abb3ee1acea396b0f7b77c0162c9,2020-09-17 18:53:27
hash,9e98ecf93ca86751dbdb7049f6d24e9b,2020-09-17 18:53:27
hash,fc105956b5b2d33411b2c0e362abb6b3,2020-09-17 18:53:27
hash,b15196f34a69e6579532c69fefad7ac6,2020-09-17 18:53:27
hash,e998fa518523ccc092c4167718b069cb,2020-09-17 18:53:27
hash,e169c4d3430c8342d809055dc5f3373e,2020-09-17 18:53:27
hash,3f3f39bacfe115df5b55c9ab06b93aeb,2020-09-17 18:53:27
hash,53b98f18d8f6bef74063e7b3e6d724c4195844f1,2020-09-17 18:53:27
hash,54c166c313c684eaa54c0c861cc34987,2020-09-17 18:53:27
hash,d661d2dd1c28efd4b4f7c9c70f763354,2020-09-17 18:53:27
hash,dbc67d46cb7b6aa7406c979b248421c4,2020-09-17 18:53:27
hash,a1481b251328b50d268b815debd614f539039e6e7012c90b66daee717712d524,2020-09-17 18:53:27
hash,0c23f62ba98ebfa2c062c485e5704f193909e421,2020-09-17 18:53:27
hostname,saveingone.com,2020-09-17 18:53:27
hash,f845276dfd9d5753f659dab8c12a38eba1f71fdc16b6faae1316622dc9cab455,2020-09-17 18:53:27
hash,f3d2c6084f09433a87f248726de288e0,2020-09-17 18:53:27
hash,ce456b20f6cb4d5d74f00d976e2e7a91,2020-09-17 18:53:27
hash,d363ecffbe6a0a62546051fc383399f4,2020-09-17 18:53:27
hash,66cb23c223ec4d78d683292d1b928fbf,2020-09-17 18:53:27
hash,46506fa669ec116da3d967c36eab7ba7,2020-09-17 18:53:27
hash,fcc61b3a0277c47748a185dccccad5d8,2020-09-17 18:53:27
hash,4d8e2fdb16877f693d8e90410f90a164,2020-09-17 18:53:27
hash,7219fed5ed9571bf2c025c7ed435893d7d4f7597,2020-09-17 18:53:27
ip,185.165.116.47,2020-09-17 18:53:27
hash,8f848b67af0d6ad3dd3419c9d11c28c1,2020-09-17 18:53:27
hash,426351383dfe8f88a0959a9d5e8c43c7,2020-09-17 18:53:27
hash,50ded657ff5a1c80d736fe3b80beb87f,2020-09-17 18:53:27
hash,9f7c280b20d021f0a0984d1ad0aeba41,2020-09-17 18:53:27
hash,59c2c1c6451417f054efaee32416c652,2020-09-17 18:53:27
hash,eee655c5522267d63314a0b20162d619,2020-09-17 18:53:27
hash,43124f6d418b086f3107a8cb708c3d2b,2020-09-17 18:53:27
hash,2f01092e9cd49448b0de7da48e545682,2020-09-17 18:53:27
hostname,idc-team.net,2020-09-17 18:53:27
hostname,tleanalyser.com,2020-09-17 18:53:27
